2.62291108,2.68775973,2.517487266,7.258632262,8.439483294,5.957147003,4.150271021,4.298671142,3.92602432,8.929634773,10.38739615,7.296626222,1,0
2.03571553,2.071259801,1.973877502,8.52042554,10.00782321,6.86021906,3.421844671,3.509433787,3.280139595,10.41586408,12.14092204,8.437796862,1,0
2.194590712,2.234151117,2.125521199,7.155802197,8.275247892,5.900073047,4.066964759,4.166401893,3.904187978,10.78875618,12.82936628,8.497690627,1,0
1.646694114,1.660788546,1.620384754,6.687261696,7.806833948,5.466044382,2.657218887,2.686952582,2.603829907,8.761268362,10.25500446,7.108014258,1,0
2.854395085,2.999651685,2.646463257,8.257998873,9.682177982,6.657885611,6.655995803,7.180296981,5.945652114,10.85526463,12.84234946,8.611554309,1,0
1.62366601,1.639492443,1.594238616,7.709515652,9.014568899,6.234410496,2.824541513,2.874323132,2.73893493,8.487865758,9.913329896,6.8938794,1,0
1.34188552,1.350115573,1.326024595,7.612553403,8.663722342,6.381134142,2.453140224,2.497192907,2.376449621,8.402272018,9.858554857,6.779692438,1,0
1.959730226,1.994183913,1.898161618,8.663894934,10.04583911,7.100879461,2.116022149,2.151004872,2.055805995,6.783625919,7.805701045,5.65129051,1,0
2.315216838,2.351563587,2.25106418,6.994746779,8.238979637,5.652594652,3.57208251,3.640678176,3.456880224,9.336900357,10.98864322,7.516706983,1,0
1.831144046,1.852416167,1.791929011,8.117007494,9.479487409,6.579418677,2.978340436,3.027099592,2.89465196,7.968604739,9.315975003,6.470477018,1,0
2.824443837,2.889236498,2.713595543,7.387936613,8.590659314,6.024068439,1.866706013,1.892419141,1.820443807,6.634154602,7.707736476,5.448838484,1,0
2.434966925,2.489665603,2.342870132,7.838969244,9.202060701,6.323806597,4.026464006,4.136809675,3.845847388,10.18983688,12.05532922,8.106957292,1,0
2.035892074,2.072555594,1.971277517,8.984249703,10.58326371,7.193372169,3.37560483,3.463605549,3.233454936,12.05204244,14.23025372,9.563837202,1,0
2.149511,2.18531745,2.086310402,8.134481671,9.494847832,6.611324872,2.758965636,2.813797852,2.667612825,9.687130639,11.35676605,7.789753672,1,0
3.53199695,3.692948677,3.299781725,7.16446217,8.425754433,5.793151684,5.512686836,5.708216737,5.212230184,11.48585751,13.67877395,9.011361725,1,0
1.784198156,1.806611237,1.743118305,7.671965918,8.940386335,6.249970126,4.061986791,4.189248863,3.863631312,12.72392224,15.0827432,10.01256311,1,0
3.44162967,3.579922324,3.237443435,10.63170874,12.55202453,8.467354047,3.148941315,3.231278613,3.01451527,9.967373144,11.77479472,7.926622493,1,0
1.434313647,1.443326911,1.417404324,6.480766149,7.278736232,5.537355693,5.18576076,5.462574484,4.792056464,13.01732673,15.47113726,10.20687802,1,0
1.72434134,1.738947335,1.697171257,6.824348554,7.909327437,5.609434811,3.910101136,4.042580151,3.705549514,11.49558139,13.52368469,9.183604448,1,0
2.30759954,2.359379228,2.219048609,6.701498153,7.775738614,5.488701957,1.933218121,1.963182223,1.879831568,6.550394691,7.61689551,5.373877316,1,0
2.019567529,2.04783116,1.968846668,7.609421414,8.894880188,6.174334468,3.17367627,3.232200454,3.077067587,9.356112363,11.0068325,7.510454523,1,0
1.673979112,1.692150533,1.640449276,7.378806973,8.625331821,5.996031854,2.415156115,2.440655896,2.369806786,8.4383956,9.862527598,6.856711133,1,0
2.097913883,2.14828612,2.012195406,7.43142324,8.578583777,6.149008743,5.29380291,5.83509118,4.640167871,11.22295005,13.2405518,8.947897229,1,0
2.598377331,2.682557099,2.462499584,8.559954331,9.9823752,6.955835702,6.146889829,6.679261099,5.462668517,10.87883382,12.87783596,8.599246965,1,0
1.897772622,1.920410255,1.856600998,6.786694776,7.773969578,5.658694841,1.593261562,1.607838205,1.566529114,6.69400961,7.81676221,5.452975593,0,1
1.356755236,1.369093229,1.333583808,6.80892059,7.95661632,5.543855876,1.651446923,1.667373171,1.62210745,6.584883686,7.567215778,5.477608802,0,1
2.479089668,2.550234825,2.364013345,8.573112955,9.98711462,7.017168759,3.832949829,4.054057168,3.518475681,5.179004827,5.762596109,4.5279858,0,1
1.266976183,1.273726388,1.253933251,6.609212851,7.603839036,5.486058975,2.289875169,2.339233773,2.209660751,7.889655255,9.227023789,6.402623525,0,1
1.594516965,1.607130334,1.570681323,8.278052085,9.704885392,6.655120936,1.706390986,1.723011743,1.675751563,9.272363523,10.88700631,7.512652704,0,1
2.147367346,2.184044536,2.084059073,6.655900081,7.577891865,5.613159003,1.854641081,1.874961871,1.816827383,5.90775117,6.653847875,5.052357637,0,1
2.228780732,2.31473992,2.094231417,7.337668934,8.462339087,6.065336128,1.786996437,1.820731907,1.727530298,8.23797523,9.576685029,6.693605519,0,1
2.476128562,2.524361057,2.392217629,8.2480013,9.595776857,6.754139845,2.16065769,2.202470747,2.088292815,6.450438677,7.497366929,5.297582008,0,1
2.18192905,2.204550372,2.140299469,8.035009462,9.363472803,6.534212574,2.397518261,2.446518957,2.314116065,9.023040143,10.57030079,7.281663077,0,1
1.542326168,1.555813306,1.516929347,8.419783771,9.802823765,6.838612075,2.118843353,2.154809188,2.056809961,7.424847628,8.748477355,5.992754769,0,1
2.033177086,2.060783398,1.982407216,7.445254984,8.709895079,6.051321864,1.713252748,1.733099138,1.676856059,5.551403371,6.233051424,4.76705923,0,1
1.721612137,1.740101898,1.687269701,7.452669316,8.53459872,6.216883101,1.853965265,1.878691895,1.809013309,6.557142656,7.542695477,5.455621726,0,1
1.7419567,1.755724045,1.715947694,6.25995231,7.128829287,5.281902491,1.462420926,1.47153551,1.445003843,6.519834015,7.666682826,5.297729436,0,1
1.168469734,1.174409569,1.157000978,5.68717218,6.611371535,4.675926161,1.65537615,1.670674977,1.626881508,7.755640738,9.15222296,6.209547079,0,1
1.954858628,1.979474036,1.910037591,7.434947316,8.572166627,6.176511799,2.03789486,2.069239215,1.981624327,8.640298743,10.14465096,6.974959788,0,1
2.226995737,2.258066295,2.172050962,6.298778119,7.207807122,5.269346142,2.059392528,2.091304043,2.00214762,5.826591078,6.654612422,4.906484402,0,1
2.448166886,2.50221643,2.358866108,7.376663271,8.595397769,6.017796287,1.913507495,1.941868313,1.862725491,7.121356147,8.183374992,5.932402526,0,1
2.701538557,2.752910744,2.614268993,5.046516874,5.603187467,4.411545886,1.918983465,1.932489491,1.893782378,8.70690221,10.19616975,7.038155447,0,1
2.194713717,2.228262557,2.135092407,7.192643833,8.317681305,5.941649388,3.507935853,3.647949313,3.295563493,8.403072036,9.711395187,6.933425309,0,1
1.999574498,2.03849337,1.931332978,7.18626152,8.4328649,5.810472391,2.605782888,2.662922557,2.509374107,6.918476812,8.034523428,5.678354148,0,1
2.982455452,3.043354629,2.87826281,8.7491433,10.21693287,7.115746194,2.373554125,2.415183103,2.299417955,7.139714072,8.362823381,5.792595749,0,1
1.443022408,1.450042157,1.42947724,9.182370715,10.74229885,7.422338971,2.023978924,2.052504002,1.972279083,5.480447124,6.197081398,4.679599553,0,1
2.250647727,2.302195614,2.16345744,6.286231466,7.134603117,5.327182313,2.075284081,2.12021859,1.999166868,5.080228879,5.705210699,4.375145933,0,1
1.634719199,1.647313156,1.611134719,6.578204454,7.635680619,5.424745656,1.643421867,1.660094591,1.612713681,6.831764933,8.003573461,5.548167743,0,1
2.316714624,2.356951796,2.24517757,7.271969873,8.515401668,5.894400309,2.305899201,2.358337579,2.216025528,7.17424104,8.395905382,5.85537104,0,1
2.458654442,2.501061547,2.384328491,9.806005937,11.55392772,7.819439225,2.060620939,2.09730818,1.99605479,6.264932129,7.244633464,5.159102731,0,1
2.342375277,2.375568241,2.284182346,10.04473745,11.88498292,7.996180405,1.504151624,1.515201928,1.483339831,7.546122402,8.8506364,6.118379387,0,1
2.375019562,2.414786972,2.305315613,7.521253166,8.72004172,6.181557678,3.464680157,3.634039184,3.222991126,6.756860069,7.693954505,5.693443064,0,1
1.642480515,1.65927417,1.610900538,8.076753489,9.452414155,6.532852136,1.977154239,1.993910622,1.945641989,7.936393395,9.247238042,6.426219842,0,1
2.368315252,2.40977974,2.297092737,6.439427319,7.352570476,5.404113643,1.504240956,1.516338086,1.481353567,6.903443305,7.930105012,5.723934972,0,1
1.73824868,1.759923793,1.698872621,6.962999591,8.03050481,5.758506019,2.139057033,2.175559635,2.074960515,6.562137558,7.488324528,5.521708847,0,1
2.603656563,2.645390853,2.531006132,7.51891573,8.770243339,6.120521515,2.679566734,2.74603454,2.571577563,5.992584144,6.826258932,5.059744402,0,1
1.614588,1.633154429,1.579835318,6.506227947,7.594015153,5.287876746,1.641314547,1.658546011,1.609629991,7.27575844,8.559776637,5.848992375,0,1
2.118608451,2.167942282,2.035445869,8.162812346,9.562164012,6.60537991,1.193657261,1.200142868,1.181118485,6.731679248,7.718894378,5.593510084,0,1
1.09080742,1.094927344,1.08279341,4.615583935,5.112319726,4.031452983,1.251242237,1.257586627,1.238982415,5.72651075,6.672747641,4.699648399,0,1
1.631235152,1.650750201,1.595663918,6.232228593,7.2271132,5.143908083,2.418805873,2.453353432,2.357283157,7.475831467,8.684173375,6.147509358,0,1
2.155107435,2.195494304,2.084480313,7.372702984,8.694731367,5.934420416,2.643869889,2.708299478,2.538449034,7.516259346,8.752736007,6.147368388,0,1
2.189059213,2.223583839,2.125515883,7.575446594,8.972582186,6.049866164,2.694528267,2.75327475,2.596242451,7.745469345,9.058834355,6.292229203,0,1
2.285352174,2.3323742,2.20406623,7.315824244,8.516022969,5.989309239,1.805111877,1.82298858,1.771973339,7.904075034,9.294425413,6.357332734,0,1
2.045921354,2.080135068,1.985761159,5.522422669,6.181599045,4.776807291,1.601070656,1.618165461,1.569722286,7.798735653,9.085005654,6.40170535,0,1
1.49131559,1.501338023,1.472267583,6.962181341,8.095795508,5.690643633,1.206487074,1.213511097,1.192995157,6.543083427,7.628171731,5.322637611,0,1
2.140709753,2.168719444,2.090105954,7.705435966,9.078221705,6.185721281,3.343748805,3.508603818,3.110643297,7.674072427,8.972355694,6.231910544,0,1
1.916624297,1.94332428,1.86920497,6.910668474,7.984390351,5.689811305,2.128312166,2.157783533,2.075446067,8.194174113,9.576671456,6.630370939,0,1
1.495977459,1.505094316,1.4783251,5.823016348,6.450165475,5.059901867,1.488755107,1.497096645,1.472834089,6.787589392,7.754050376,5.661747447,0,1
2.903663395,2.965995876,2.798490221,6.069053044,6.82807451,5.203289218,1.919762793,1.944293463,1.875358115,6.419315325,7.312570276,5.410613776,0,1
1.577335874,1.59022989,1.553283539,8.376891922,9.872522451,6.687894594,2.135460236,2.175652755,2.064740007,7.680915883,9.062427138,6.176498768,0,1
2.765006102,2.827749593,2.659937667,6.289889299,7.209082556,5.269500392,2.150888836,2.184006996,2.092300864,6.817989361,7.895076092,5.618036147,0,1
1.995451899,2.024054845,1.943194505,5.733212378,6.53599752,4.837797984,2.323501793,2.376826066,2.234595186,5.507390652,6.168328673,4.751209473,0,1
1.342632249,1.351138421,1.326405839,7.098008087,8.248230934,5.816081309,1.73940586,1.756087436,1.708898301,8.169913189,9.566167707,6.622315544,0,1
2.131175678,2.183644918,2.042501417,7.785906873,9.040850499,6.383668234,2.785676927,2.871197778,2.653824499,8.576870849,10.14725052,6.806879915,0,1
1.553332145,1.565094273,1.531054432,7.628234372,8.90773955,6.198483767,1.907751971,1.933454587,1.861577721,5.941253275,6.786089232,4.989425623,0,1
2.082536421,2.110426711,2.033495325,6.161808572,7.095152494,5.119709351,1.522027625,1.530995382,1.505156646,7.825470138,9.151867041,6.350676231,0,1
2.357992757,2.392566551,2.296214134,7.816174654,8.965407145,6.50816317,1.908775005,1.930766401,1.868398502,7.139246114,8.348306924,5.814799189,0,1
2.5738224,2.636830626,2.465533255,7.295449035,8.467245248,5.980817965,2.256054037,2.306111959,2.17096351,7.927784282,9.313207981,6.386130037,0,1
1.825727523,1.845012599,1.790299408,6.320142646,7.316660949,5.211481419,2.210827297,2.250950453,2.140748345,6.069527365,6.96941129,5.073687006,0,1
1.358107531,1.367812795,1.339582105,5.705752884,6.59163792,4.718716226,2.238205883,2.280302169,2.16616514,8.713224589,10.18534421,7.047276351,0,1
1.605277212,1.630376091,1.559453817,6.102375252,7.005510473,5.050248487,1.169130624,1.174786438,1.158327812,6.912951302,7.971730551,5.725481082,0,1
1.949549284,1.974341667,1.904723432,7.738764824,9.118021994,6.237519412,2.305400689,2.364055521,2.208969527,6.738517284,7.806222384,5.55113889,0,1
1.669661424,1.683513953,1.6435807,7.730408612,9.042062319,6.265900593,1.21062647,1.217733147,1.196989245,6.470945096,7.548200671,5.298036247,0,1
2.156624023,2.187140623,2.101521864,7.581711507,8.9180955,6.112733723,2.608463642,2.683089284,2.49071064,8.468361412,9.962961382,6.811565481,0,1
1.699359719,1.71692759,1.66683027,7.188076574,8.404575246,5.851639809,1.832904309,1.854965765,1.792484869,9.49181764,11.28445165,7.481854343,0,1
2.016132981,2.048674553,1.958918565,6.179420164,7.139614004,5.125849015,1.937295094,1.964905783,1.887565893,7.260858473,8.492108428,5.92411471,0,1
1.264536535,1.272129477,1.250001102,5.860559876,6.60023107,5.0065346,2.156671172,2.194416884,2.088887407,6.879872397,8.116596191,5.594721854,0,1
2.812554222,2.890623225,2.685521903,7.096944113,8.248647761,5.813664288,2.141216991,2.18867995,2.060599282,5.966345311,6.914607102,4.929546319,0,1
2.245543758,2.287286657,2.173418677,5.921361499,6.668261386,5.083558976,2.04103188,2.068196622,1.991359213,5.455446246,6.077324393,4.74313555,0,1
2.033866809,2.053427133,1.997805893,6.775473029,7.858888493,5.567828553,2.187852095,2.217043288,2.135480892,7.284861981,8.400597818,6.033413192,0,1
1.746962867,1.763181934,1.716911324,7.361936781,8.520257964,6.06546822,2.001097672,2.032143629,1.945311964,5.734663714,6.441373143,4.94012256,0,1
1.832032058,1.84983827,1.798702417,6.050455777,6.840276747,5.158737995,1.405496186,1.415725768,1.385918168,7.358787219,8.519145909,6.063218383,0,1
2.034985935,2.064635923,1.981697001,7.578220594,8.926008276,6.105856123,1.733449914,1.752018486,1.698908844,5.870520987,6.785163641,4.85295507,0,1
2.348791728,2.389215566,2.278301844,8.885262692,10.49419378,7.094458747,2.962077342,3.067113996,2.801578091,8.428924279,9.92190257,6.778671181,0,1
1.77032759,1.802313712,1.712845524,6.521765772,7.465775395,5.437713883,1.594826459,1.612791834,1.561707188,6.677951152,7.807982596,5.461354716,0,1
1.813082522,1.836470612,1.770086722,9.756776073,11.5413625,7.778183896,2.218072277,2.260670688,2.145720125,6.990961634,8.145737018,5.724137523,0,1
2.158668483,2.183127256,2.114529765,8.663528613,10.16184901,7.019766442,1.627644909,1.643863922,1.598362578,7.964099975,9.313894797,6.45108381,0,1
2.133492071,2.186623636,2.044606851,6.763904655,7.76529824,5.645818994,2.444689171,2.492792695,2.361476545,7.432300587,8.516967562,6.196801704,0,1
1.233930741,1.240504961,1.221108172,5.329913969,6.141019112,4.396761684,1.580387616,1.595094499,1.552624486,7.206666287,8.423292302,5.885044134,0,1
1.436936016,1.447394101,1.417123958,6.325215375,7.309051337,5.2173329,1.397184435,1.41146695,1.370596166,4.146951283,4.410462478,3.790328663,0,1
1.917379683,1.941612488,1.873686366,6.273498425,7.199228112,5.23872693,1.686194914,1.706889416,1.648684442,5.314324234,5.929480265,4.586385413,0,1
1.601250629,1.624678427,1.558951402,7.531224373,8.535423691,6.365146473,2.082532519,2.127546719,2.006063393,10.2015075,12.06447148,8.102868846,0,1
1.282447541,1.292441208,1.263384851,7.349237961,8.519450712,6.039012571,1.104669701,1.109564213,1.095262046,8.245198116,9.739764897,6.56549284,0,1
2.112059957,2.138364189,2.063801939,5.999506235,6.73739872,5.14905034,1.329930545,1.338960004,1.312877382,8.827856484,10.41406289,7.072130211,0,1
1.519154377,1.532660637,1.494141818,8.125627673,9.485707324,6.595852949,1.825930587,1.846667237,1.788140794,9.098008503,10.64239471,7.339909283,0,1
1.057464396,1.065896637,1.041302154,5.243547825,6.112348202,4.305498867,1.070208098,1.074702238,1.06149476,6.074908269,7.01191116,5.039133843,0,1
2.483596674,2.515540983,2.425515111,7.461221234,8.725313788,6.067684574,2.829729006,2.908983374,2.702975581,6.990861395,8.036970021,5.816714293,0,1
1.912369017,1.937649052,1.867465271,5.893552694,6.746706554,4.941342397,1.358905137,1.367357521,1.342804956,6.372086284,7.174364889,5.441573463,0,1
2.065977992,2.091121868,2.019607806,7.632895464,8.766214224,6.338626352,1.967609929,1.991223643,1.924681199,9.311642652,10.86595254,7.542977531,0,1
1.516031704,1.529023841,1.491269467,5.974010531,6.933524784,4.926379581,2.733493375,2.827650272,2.593694263,7.437676307,8.650062102,6.09272258,0,1
1.946464158,1.976505857,1.892957503,9.457837589,11.07630596,7.654200336,2.324319149,2.368619626,2.248385755,7.44438565,8.710789537,6.054563399,0,1
0.797155096,0.799420507,0.792690277,5.633898983,6.476824127,4.70787421,1.513243844,1.5241895,1.492611237,6.805826949,7.845345984,5.655911744,0,1
2.075595521,2.109579507,2.015724387,6.19802008,7.071315376,5.212874163,2.351119158,2.402098608,2.266989846,6.659306639,7.622110018,5.552605253,0,1
1.718513296,1.735774098,1.68648969,7.278763301,8.485728121,5.940751948,2.214070432,2.240258751,2.167146968,10.45624783,12.48611804,8.175963254,0,1
1.400509929,1.408903335,1.384421472,9.439131883,10.9830898,7.666691305,2.01459253,2.042855578,1.963172551,7.931532618,9.314947442,6.385833308,0,1
2.513558017,2.586139472,2.398780495,6.27677348,7.148942492,5.293175166,1.633438344,1.64889259,1.604959874,7.510171604,8.690786335,6.182402025,0,1
1.609956338,1.624469892,1.58288496,6.910951947,8.112282512,5.629701318,1.298410438,1.305334225,1.285021302,6.009040561,7.1209943,4.843625217,0,1
2.524746949,2.583166281,2.425857387,7.000714516,8.048564059,5.812562646,2.504823875,2.552908784,2.41978485,7.713945878,9.007498071,6.269420967,0,1
2.197864678,2.229215745,2.140710433,6.878633806,8.072233894,5.578147747,1.559671226,1.573448652,1.533660396,6.815843793,8.04282152,5.511300799,0,1
1.76524374,1.784988701,1.729135401,8.169371621,9.555634322,6.643171203,4.687277968,4.746629127,4.578035302,11.5361255,13.52244489,9.353806808,0,1
1.882727886,1.91046966,1.83252593,6.485762304,7.557553925,5.31960949,1.522783762,1.534741024,1.500126543,5.194541483,5.925490399,4.37763012,0,1
2.504216591,2.549325833,2.427352645,5.624428677,6.396292623,4.757332035,1.751910401,1.770041295,1.718769315,6.860652322,8.099365204,5.522353498,0,1
2.047260198,2.08272371,1.984880418,6.809870184,7.875313031,5.626305943,2.375904235,2.429156126,2.2853988,7.016081113,8.170434038,5.741341435,0,1
1.673695148,1.6882023,1.646175082,7.542192742,8.776320084,6.155499531,2.201123984,2.240914585,2.131256781,7.427748073,8.70465521,6.014609682,0,1
2.08063172,2.131110741,1.995030919,7.338006503,8.583684758,5.957788278,1.932346994,1.95863551,1.885950546,7.525756268,8.817693594,6.103088501,0,1
3.054811142,3.183750372,2.85835077,8.111224274,9.534077443,6.572011433,3.039665134,3.162628107,2.853931471,6.14098276,6.941363591,5.241348011,0,1
1.045684263,1.051905574,1.033748835,6.133850876,7.111431072,5.060955967,1.746843588,1.763953085,1.714726601,6.159092047,7.055077689,5.168937958,0,1
1.340729348,1.348849589,1.325143575,7.438740048,8.646711511,6.085163077,1.629558673,1.645589747,1.599735387,7.404222719,8.758786191,5.905393895,0,1
1.890645008,1.913141445,1.849463089,6.270649425,7.1816764,5.245477534,1.346049934,1.358457015,1.322659768,6.245343922,6.926205173,5.427830865,0,1
1.292037062,1.300443741,1.275842846,6.986585744,8.122668369,5.730575267,1.431800821,1.441444246,1.413472395,7.495865567,8.791362039,6.081799775,0,1
2.455195097,2.507271755,2.365020367,6.422818448,7.413156667,5.328947314,2.808331862,2.892372856,2.669875619,5.102890107,5.674938127,4.451602504,0,1
2.770408525,2.83593764,2.661325275,6.873926212,7.778000257,5.849029254,4.618613066,5.112827683,4.038710122,8.38212153,9.906922345,6.695337521,0,1
2.129857025,2.159276138,2.077053815,5.02911242,5.572946106,4.423534799,1.912519403,1.929625983,1.880093037,6.7964303,7.736819733,5.74946429,0,1
2.642677675,2.737762424,2.499181536,5.171144613,5.774310291,4.497505977,1.283661167,1.291542152,1.26857048,6.697223726,7.803398926,5.471191037,0,1
1.656763603,1.674819614,1.624103857,6.456675623,7.311933356,5.481597541,1.87462715,1.895889128,1.835793898,9.195116026,10.8891641,7.252066643,0,1
2.278639296,2.332814987,2.188758764,6.652216105,7.819908997,5.375927581,2.217063362,2.269121495,2.127284425,5.740646731,6.484524651,4.902423866,0,1
1.868924685,1.89494331,1.821074568,5.882967357,6.823818623,4.855881172,2.096803344,2.133442297,2.032968318,8.071010545,9.394872929,6.574316414,0,1
1.923876938,1.951936252,1.874621835,6.645420368,7.754797756,5.425894048,1.647844421,1.664543817,1.616747813,5.851024211,6.645923687,4.93363506,0,1
2.041771939,2.078036704,1.977707245,6.790774879,7.867014006,5.613954219,2.528156054,2.581965085,2.435645587,7.158134061,8.292207712,5.888571425,0,1
2.226679362,2.256917742,2.172416666,7.33972579,8.57290731,5.991470734,1.139808202,1.144043395,1.131566025,5.714860128,6.468367651,4.849313282,0,1
2.44950038,2.488022981,2.381715127,8.672516545,10.20144937,6.952012978,1.433075564,1.44763362,1.405418649,5.418274146,6.398142893,4.400793779,0,1
1.875984447,1.912867922,1.811573529,7.220502395,8.261038423,6.032025204,1.765821683,1.78221991,1.734949543,5.841298594,6.595129176,4.991855821,0,1
1.671133244,1.685136088,1.644729179,6.505074323,7.661283214,5.255959598,1.865439527,1.88830129,1.823906753,6.312287212,7.313554493,5.219956459,0,1
1.292968469,1.299722304,1.279964727,6.584844322,7.671757151,5.380720451,2.181507309,2.213688393,2.124164749,7.168705198,8.33751551,5.889398689,0,1
2.626810734,2.698676034,2.511443171,8.664504821,10.22602361,6.918848197,2.123632424,2.151253479,2.073398589,7.203702494,8.436622507,5.85502971,0,1
1.542501875,1.557697362,1.514179035,6.18283658,7.110271068,5.160398336,2.318437966,2.363997642,2.240572306,6.38770755,7.304578325,5.363813702,0,1
1.77618336,1.783996658,1.761119411,6.930075672,8.237686433,5.55757604,1.68819032,1.705286862,1.656785199,6.13114079,7.057332703,5.108907324,0,1
1.709149492,1.72833518,1.674164871,8.582970795,10.13836058,6.834976369,2.074937624,2.113068119,2.009018578,7.63474927,8.951106629,6.187667664,0,1
2.566457342,2.610926446,2.488457661,7.331715412,8.626915668,5.883346368,1.47908716,1.489805859,1.458997795,8.423896472,9.887708394,6.808809532,0,1
2.663594264,2.721299029,2.570629749,8.106158097,9.473249003,6.603648587,1.367612971,1.376218157,1.35129268,6.202962351,7.25051683,5.070224912,0,1
1.440417114,1.450679242,1.421160102,8.837089655,10.17757672,7.317392266,1.80803781,1.826238901,1.774131761,9.373503612,11.07631973,7.492783845,0,1
1.753842742,1.772366105,1.719670834,9.479059771,11.15503486,7.60204942,1.865988587,1.889479727,1.822270969,9.01755307,10.56457646,7.293455004,0,1
1.226102266,1.233440379,1.212089753,4.61606168,5.209025488,3.9473065,1.597929743,1.615373356,1.566017697,7.112912258,8.287925899,5.793528106,0,1
0.955750811,0.959040741,0.949297906,6.557114886,7.602185041,5.378381136,1.734971387,1.7551352,1.698625873,9.982542525,11.82679125,7.89022792,0,1
1.992943855,2.02680481,1.932563975,5.623035928,6.375505942,4.779522379,1.585437541,1.595861967,1.565785249,8.261999908,9.481275798,6.850866743,0,1
2.568226684,2.638131556,2.451203581,6.852644792,7.750856773,5.83391875,2.012308405,2.040510353,1.961434659,5.758557095,6.453395518,4.969828551,0,1
1.647682237,1.662752053,1.619511008,8.234520364,9.667736555,6.590926639,1.736817937,1.753201379,1.706169657,8.304036707,9.863736379,6.576058941,0,1
1.782116235,1.802968955,1.743712106,6.909028523,7.82498965,5.859014026,1.756513812,1.776210357,1.71963741,6.200356542,7.03352736,5.256585024,0,1
2.203165145,2.239073223,2.140013938,9.135815971,10.68698876,7.400632213,1.417004387,1.429267784,1.394151052,7.469467246,8.715613506,6.067208866,0,1
2.209065403,2.245141122,2.147917011,6.671363111,7.688132628,5.542997848,2.047436575,2.081399088,1.987533283,7.884269711,9.205747991,6.413035902,0,1
1.761652279,1.779228636,1.729425142,6.82371736,7.981056857,5.556526952,3.288261391,3.473079039,3.034521587,7.372437825,8.686405475,5.972127102,0,1
2.179997058,2.229250059,2.097347206,6.568627716,7.557333307,5.469203408,1.516483072,1.528332956,1.494053415,6.197659218,7.213753022,5.087451849,0,1
0.915325402,0.91839258,0.909311713,5.464326746,6.166260688,4.660825405,1.174450867,1.180053036,1.163623863,8.165567219,9.698756693,6.460138925,0,1
2.402450576,2.453627898,2.315568322,5.874364005,6.64787294,5.006462243,1.841343604,1.85921015,1.808074372,8.512154839,10.01532515,6.849419762,0,1
1.725333248,1.744987165,1.689593326,7.479435693,8.70932741,6.134760107,1.800648413,1.820098277,1.764708181,6.972380758,7.996033496,5.810267413,0,1
2.685416931,2.744446167,2.585699629,7.048480821,8.105395538,5.861702364,1.903049264,1.92162138,1.86871939,6.964931303,8.183891679,5.647266268,0,1
2.153122709,2.185570697,2.095816992,6.930934745,8.025996807,5.716208963,1.611131781,1.625822892,1.583604328,7.211889522,8.499779821,5.797179541,0,1
2.153550873,2.187927477,2.092975639,6.625237661,7.555432384,5.579821561,1.36694965,1.375740364,1.350098507,5.741265828,6.719299973,4.703859278,0,1
1.570613312,1.581722039,1.549512523,8.30541209,9.667534903,6.799515754,1.701557622,1.717879333,1.671434727,7.221653121,8.402104983,5.912966349,0,1
2.839929069,2.924976116,2.707206117,6.378167012,7.399588162,5.264539784,1.222538429,1.229123851,1.2099819,7.630575399,8.870403342,6.245124577,0,1
2.175581678,2.217346531,2.102991128,7.724289173,9.05766839,6.242735804,2.747909353,2.813945968,2.636295289,7.72064253,9.060575402,6.230380846,0,1
1.838299021,1.859903214,1.799116122,6.037281037,6.887578317,5.083715561,2.124941428,2.159577497,2.063140188,7.79059421,9.085752432,6.34061958,0,1
2.156886959,2.194416511,2.091320415,5.817226313,6.545831539,4.983730196,2.316399286,2.348374381,2.258452773,7.978212358,9.405472431,6.39926777,0,1
1.081529761,1.085555168,1.073776616,5.243629963,6.064017101,4.33092309,1.693615668,1.712671357,1.65883432,6.96029332,8.141535791,5.647018646,0,1
1.47554156,1.489109999,1.450203745,7.861413024,9.243353284,6.34304096,1.877745456,1.903667872,1.831377552,7.08779906,8.222442776,5.826289681,0,1
1.030848801,1.034407255,1.023898289,7.622325776,8.91402601,6.212637448,1.083254851,1.087602478,1.074828394,6.116328024,7.080979605,5.049346683,0,1
2.253395133,2.29673049,2.178995038,8.230219905,9.610593386,6.703643508,1.802164804,1.825865834,1.75910321,8.17535989,9.662019171,6.522982874,0,1
2.081582575,2.112401114,2.025751194,7.347981291,8.550598848,5.983619009,1.479677922,1.494664503,1.45194991,7.485247279,8.656289264,6.159277454,0,1
1.557327371,1.573956194,1.526631342,6.494816976,7.547400955,5.303441986,2.537532463,2.591596543,2.444984835,7.842765971,9.203784506,6.335879269,0,1
1.906437603,1.930235432,1.863923428,9.517472075,11.15694645,7.68241767,2.494792057,2.556628396,2.39141387,6.234306332,7.066069211,5.308710425,0,1
2.578773902,2.632065275,2.486791163,7.70904924,8.920669718,6.372229146,2.055127833,2.093208778,1.988695148,6.625451241,7.577116368,5.549057458,0,1
2.451275859,2.49479948,2.377306892,6.106122167,6.991614704,5.139640922,2.182363005,2.217803524,2.120849804,7.48521683,8.848303172,5.989782085,0,1
2.07405637,2.106261041,2.016632307,7.405874102,8.601892705,6.067825655,2.183022293,2.226597492,2.107426512,6.759375389,7.922668629,5.491873041,0,1
2.357061275,2.402766332,2.276197047,6.094907277,6.953215909,5.116423448,2.283787838,2.329261803,2.2049475,9.505241348,11.05755812,7.741034572,0,1
15.68421226,16.15770557,14.47403204,49.41373451,58.2439887,28.34381604,1.440816779,1.448673356,1.425726071,6.299454817,7.168858381,5.315912741,0,1
1.727453313,1.748067975,1.689969254,8.408589726,9.797936275,6.880051863,1.881247415,1.905694608,1.83623342,6.000499671,6.788408004,5.091754077,0,1
1.295961571,1.304123938,1.280294909,6.259218831,7.266136262,5.126934043,2.116582926,2.148759814,2.059209037,6.789878967,7.888533839,5.577601662,0,1
1.802179849,1.815272744,1.777550116,8.042965133,9.398821137,6.537839,1.266055437,1.275162314,1.248821788,6.631637053,7.753535596,5.403478637,0,1
2.247238569,2.289136458,2.174569745,11.21518171,13.33464246,8.766169888,1.689388619,1.708448086,1.65421999,8.529010647,10.10523664,6.834067212,0,1
2.804599893,2.904541329,2.650232182,7.724638083,9.081383894,6.222720224,1.703021924,1.722814143,1.666952731,5.620665979,6.348130181,4.776964054,0,1
1.169445967,1.17736189,1.15425361,6.803031088,7.892341805,5.586722301,1.355240515,1.367584915,1.332355727,7.303119546,8.570882691,5.904335037,0,1
1.476146506,1.485683407,1.457847824,7.373502056,8.485035511,6.128044915,1.655892124,1.66931921,1.63087137,7.686368745,9.047145877,6.213712288,0,1
1.654530758,1.678008167,1.612101331,8.204976998,9.609688296,6.666979039,3.172773629,3.266584234,3.023198546,6.861302766,7.8588329,5.732235338,0,1
1.109747382,1.114291007,1.100939684,5.689997479,6.535057567,4.752386724,1.473717779,1.48307706,1.455718825,6.988498569,8.159161362,5.707826483,0,1
2.32209104,2.369565002,2.239525956,9.462689115,11.12809483,7.598578098,1.779690792,1.801247951,1.740691647,7.77865845,9.02715369,6.375277082,0,1
1.850500698,1.870591861,1.81345362,7.255678985,8.374291431,5.989261349,1.610572874,1.624784274,1.583666293,5.926549917,6.77588442,4.962056379,0,1
2.498491868,2.560061349,2.395917692,5.031208292,5.593561837,4.410957755,1.346790545,1.353611253,1.333721793,7.081706381,8.158358769,5.858743603,0,1
1.525149691,1.54111904,1.495526361,6.348023307,7.326226386,5.25673443,1.729347787,1.746225085,1.697812881,7.477186754,8.705754531,6.107166066,0,1
1.51920048,1.533793152,1.491786445,6.220850428,7.055245871,5.27894945,1.613501785,1.626556449,1.588836082,6.585365072,7.574619599,5.486655537,0,1
1.918508547,1.937053844,1.883972999,7.034750532,8.217959425,5.729599474,2.25202386,2.28889764,2.186140334,8.208015862,9.244646218,6.963877529,0,1
2.105400933,2.139222095,2.0446445,6.368762552,7.382179376,5.283173284,1.896185037,1.929641397,1.838265363,7.132313543,8.34956306,5.801060387,0,1
1.54352835,1.556008681,1.520378158,6.534068594,7.521843766,5.430127931,1.725636383,1.748600997,1.683873343,5.669740482,6.380677478,4.874118839,0,1
1.868519515,1.88485374,1.837973012,8.65506976,10.11516375,7.022787173,2.352961693,2.411756368,2.255190408,8.614569041,10.14993996,6.890128081,0,1
1.333107427,1.340087481,1.319706096,5.777983625,6.704385861,4.772500945,1.764983206,1.783805089,1.730439833,7.944347444,9.256308338,6.467584022,0,1
2.240548256,2.301585599,2.136297134,8.028822877,9.341401911,6.584500005,2.485852473,2.543669408,2.388501903,7.772831656,9.103952641,6.288427408,0,1
2.409544723,2.460250944,2.322407492,5.460948,6.096686821,4.738946645,1.329252032,1.340413124,1.308270551,6.141757473,6.883251855,5.264968759,0,1
2.608241318,2.679007081,2.492374327,5.591250991,6.273591783,4.828326764,1.559522321,1.574135517,1.532218147,6.910913738,7.923967641,5.760511784,0,1
1.631586753,1.649349886,1.59901673,6.996358254,8.124702246,5.759129799,1.229558427,1.236816142,1.215762008,5.42759581,6.247195656,4.535585532,0,1
1.819655658,1.838555579,1.785634849,9.555760139,11.02302946,7.839406141,2.043158145,2.078244766,1.981364967,6.607154386,7.628926948,5.482159655,0,1
1.395153293,1.406340576,1.374017844,6.304024437,7.3634046,5.131104558,2.260236273,2.299626989,2.192621882,6.453447253,7.41190595,5.392458633,0,1
1.91548221,1.941549889,1.868338867,5.900518656,6.716429684,4.979653355,2.177088437,2.214644602,2.111625082,6.20664363,7.121011426,5.192878469,0,1
2.191984722,2.229447074,2.127351057,7.55824809,8.870497173,6.110714465,1.54410844,1.558934134,1.516467015,6.912795253,7.977459387,5.726791931,0,1
2.006484644,2.034497557,1.955599011,7.483588256,8.754385335,6.071237644,2.085097424,2.126358625,2.015197451,6.303776453,7.361940558,5.137427663,0,1
1.36077385,1.367390208,1.348034856,6.661382922,7.620411327,5.559162044,1.747114511,1.768007665,1.709813143,6.133673652,6.991812605,5.176657972,0,1
1.68681968,1.702924077,1.656709565,7.347185231,8.524308212,6.051041517,1.294825477,1.300769295,1.283503819,4.709398038,5.320011755,4.025117479,0,1
1.484438621,1.494260072,1.465657629,5.437385485,6.232699257,4.560013743,1.894155283,1.916911617,1.852638993,5.76269097,6.727356976,4.710438266,0,1
2.760427614,2.812626595,2.670223904,6.323204091,7.246531193,5.288256918,1.654997392,1.671470719,1.624609934,8.912076264,10.56181503,7.046978717,0,1
1.778362484,1.796271956,1.745203966,7.086884896,8.299722722,5.738047469,2.002249021,2.032454618,1.947774394,8.044049442,9.522808415,6.407054847,0,1
1.622152757,1.636927615,1.594644447,8.811928565,10.3808451,7.047470408,1.925587249,1.952987576,1.875832231,8.79280098,10.27522586,7.127601733,0,1
1.805088655,1.830492276,1.759106113,5.50277929,6.155736311,4.776045664,1.969016592,2.00422543,1.906996487,5.466208916,6.080952836,4.774623804,0,1
2.104838096,2.136808582,2.04995228,7.246837688,8.466238331,5.892928105,1.71787569,1.744904435,1.669943829,6.951959868,8.136562785,5.633006252,0,1
2.249158211,2.283229701,2.187983962,7.592359033,8.91043989,6.125448184,1.814809451,1.840182645,1.769070677,6.308387467,7.408285302,5.119017266,0,1
1.500363564,1.51846506,1.467390314,6.832877479,7.88637255,5.692939786,1.990877276,2.019817348,1.938932048,6.901920369,8.132032116,5.535389102,0,1
1.946187683,1.971721873,1.90061102,7.363903128,8.489833953,6.093564736,1.326156025,1.335001148,1.309447238,6.052452548,7.083387592,4.934453755,0,1
2.963034986,3.045242642,2.829875022,6.055823995,6.908049421,5.099298666,2.994058689,3.086494288,2.850605351,4.867738742,5.431624732,4.238490051,0,1
1.325377286,1.33395817,1.309047149,6.621375731,7.56084801,5.545567344,1.60388578,1.618346484,1.576766873,7.816760486,9.022904939,6.466158447,0,1
1.192355661,1.197731025,1.182002081,7.176275388,8.42777649,5.816820171,1.320827651,1.328332179,1.306395136,6.666627312,7.854086091,5.356076032,0,1
1.889057049,1.913748402,1.844723908,7.245762217,8.436065912,5.932790654,2.79552085,2.871143514,2.673527166,6.506375652,7.364134428,5.538319417,0,1
1.428024081,1.439186945,1.406943184,5.866931911,6.808941926,4.851232783,1.397668027,1.407993406,1.378071928,7.273006597,8.50308221,5.91757137,0,1
2.400185171,2.436993506,2.335000227,8.002829098,9.377061767,6.494282207,2.656117193,2.729244482,2.537530201,8.379342811,9.908059977,6.667600094,0,1
1.309791964,1.318161059,1.293744519,7.024520255,8.10282843,5.832773925,1.553357095,1.568235337,1.525566842,8.783616426,10.29768343,7.075224747,0,1
2.562205261,2.638624291,2.44534841,7.455775965,8.587222569,6.177399535,3.498088624,3.657749957,3.265870539,6.526370098,7.442731538,5.499570008,0,1
1.979044468,2.006385029,1.930217056,6.652974537,7.673186297,5.49562117,1.754793082,1.774544691,1.718665927,5.411409648,6.02892565,4.665304347,0,1
1.672148038,1.687046756,1.64441824,7.655181661,8.971902474,6.189977278,1.706569906,1.724562165,1.673235209,7.718310819,9.051394111,6.227330892,0,1
1.854572071,1.878109291,1.812065348,6.734748717,7.816360664,5.545521626,1.915413602,1.93959082,1.872514452,9.467866471,11.17344715,7.564639447,0,1
7.249998677,7.366427463,7.04158107,7.268351809,8.481558386,5.912884438,3.634607811,3.684326472,3.543465753,6.015953613,6.853585712,5.076972125,0,1
2.015491827,2.043486643,1.965602178,5.610282422,6.360055924,4.766113608,1.789751187,1.810201669,1.752457398,6.87172507,8.040095187,5.613690642,0,1
1.606000274,1.621623473,1.577157736,7.241535418,8.350943281,5.99543374,2.063175633,2.094653294,2.007134996,7.775531712,9.058926267,6.34324493,0,1
1.851563791,1.867366434,1.821850007,6.445018025,7.572059845,5.248153647,1.99785038,2.027806464,1.945028924,7.799094511,9.079586154,6.393747112,0,1
1.696731636,1.713503589,1.665658442,7.710173384,9.007216686,6.265134413,1.648191265,1.662697819,1.620833052,6.692261412,7.781737496,5.4848932,0,1
2.673902671,2.734821165,2.57075224,7.550550685,8.794254198,6.158087676,2.563508172,2.6244679,2.464024951,7.803519664,9.114461009,6.315066895,0,1
2.019707232,2.043751107,1.974979728,5.755809385,6.573451469,4.849039933,2.058574772,2.08411142,2.012634828,6.166407135,7.06285141,5.163191712,0,1
1.519850042,1.534709002,1.492379938,5.70792637,6.423576702,4.890993772,1.435251837,1.444625463,1.417474857,6.364321964,7.273690059,5.354777393,0,1
1.391794171,1.403188433,1.369985887,5.934124764,6.738359627,5.053245596,1.430361055,1.443899267,1.404177388,7.079181082,8.315286042,5.752527467,0,1
2.164359855,2.22176401,2.067619078,7.492498577,8.752378604,6.081883737,1.47465161,1.485672302,1.453902426,6.797262381,7.980151505,5.509562299,0,1
2.363037525,2.410626157,2.281837292,8.150920593,9.563652706,6.569578155,1.668102091,1.687996739,1.631445119,7.747274905,8.800355613,6.538648269,0,1
1.78861153,1.806402139,1.755296686,8.416110603,9.811163349,6.850920925,2.593544848,2.645128863,2.505633307,8.186844561,9.582121897,6.633313523,0,1
1.883149587,1.908420542,1.836932949,7.505700656,8.73974311,6.117652667,1.378146438,1.385648525,1.363724729,6.787212025,7.92002968,5.549049077,0,1
1.270303716,1.277839564,1.255652647,8.299042843,9.658043324,6.770410236,1.741971286,1.759724595,1.709160394,6.747095943,7.732298572,5.644523599,0,1
1.978631452,2.012052209,1.920327091,6.549416535,7.663728729,5.331978848,1.433537837,1.4421323,1.417083266,6.962304708,8.228199238,5.590743986,0,1
0.920912688,0.92337968,0.916100686,6.556274328,7.762198973,5.325369981,1.676385636,1.691473289,1.647679974,6.630267699,7.610770857,5.521044155,0,1
2.170539828,2.207982386,2.106067353,6.937648276,8.049514734,5.71263974,2.198023047,2.235401417,2.13292086,6.332233409,7.224046621,5.322571206,0,1
1.171972014,1.17803305,1.160289348,5.654002381,6.39757523,4.803716831,1.526580811,1.539822003,1.501947718,6.709295831,7.799799213,5.501819101,0,1
2.502165886,2.548683058,2.421186892,7.940603958,9.257683325,6.460868815,1.64612628,1.665146746,1.610961118,7.438562522,8.695366412,6.018375218,0,1
1.515498607,1.528980622,1.490278666,5.587207323,6.585426707,4.554066919,2.015986297,2.044386672,1.964902551,8.028833895,9.5332058,6.374877297,0,1
1.545817142,1.560205652,1.51916113,8.178899528,9.587754118,6.621277224,2.106424383,2.146121639,2.03719726,7.92672435,9.373357468,6.26048389,0,1
2.803876227,2.882806675,2.677655751,8.794080967,10.34731925,7.067307623,2.721110929,2.790714809,2.604761743,9.662251094,11.46138486,7.634056319,0,1
2.376687114,2.449870498,2.259028035,6.638494765,7.661020882,5.510067258,2.578610967,2.664435329,2.443181973,6.007838026,6.905404224,5.000824067,0,1
1.41415936,1.423645092,1.396006862,8.402975663,9.682454506,6.906459821,1.882982024,1.908978921,1.836482658,6.736875328,7.793413666,5.56966265,0,1
1.906415035,1.933358047,1.859132465,6.060965352,6.978309842,5.042999561,1.481800212,1.491111123,1.464045202,5.515154709,6.504716129,4.476135244,0,1
1.662824034,1.681734357,1.627846244,6.439977613,7.461655891,5.32111134,2.02022417,2.061086464,1.948091352,7.435004006,8.467044943,6.235811541,0,1
2.082752695,2.108987239,2.034852117,7.167387636,8.368188604,5.832472825,2.008144034,2.039233936,1.95276632,7.089529366,8.066445374,5.980180458,0,1
1.534318886,1.54392879,1.516000726,6.071793907,6.944761094,5.081456863,1.443772823,1.454271306,1.423945052,5.454012146,6.413914466,4.450053247,0,1
2.036820211,2.075498697,1.968111931,8.404819835,9.868231921,6.78964044,1.975013072,2.007316477,1.917412576,5.369901795,6.076414187,4.57752653,0,1
2.216638311,2.252679521,2.15226231,6.747674485,7.721915814,5.661267741,2.291736108,2.337514734,2.21270799,6.073883389,6.816555481,5.226290415,0,1
2.327377867,2.362453856,2.264676673,6.975964829,8.092550423,5.740434344,1.809016081,1.832184531,1.766248335,8.144643307,9.665112622,6.457472928,0,1
1.452534556,1.466039045,1.427030075,7.168183919,8.308986478,5.902452916,2.27594577,2.317252537,2.203296705,6.768817786,7.853034276,5.549930873,0,1
1.269633094,1.277259545,1.254932566,6.625651183,7.731397893,5.41543383,1.842978589,1.870097631,1.793634157,5.706940927,6.454518342,4.873355016,0,1
1.274767119,1.284436277,1.256340757,5.390703232,6.413163174,4.359317389,1.458582606,1.46881756,1.439174152,6.355124574,7.23451328,5.354477752,0,1
1.554644537,1.565083625,1.534945735,7.40560803,8.607792446,6.078709613,1.632418236,1.646256659,1.606842602,7.705260803,9.001610638,6.272566473,0,1
1.831447233,1.850511842,1.796269253,6.893976798,7.977192127,5.68606814,1.731060662,1.744139307,1.70621825,9.012990619,10.52335038,7.338993428,0,1
2.786584636,2.82705322,2.712746392,7.289739708,8.407489529,6.039219529,1.663672204,1.68123146,1.631530077,7.398398223,8.690841609,6.01117533,0,1
1.716884163,1.738220466,1.677824469,8.278829602,9.654192206,6.683819647,3.110565812,3.215246617,2.949968743,10.06384071,11.82430701,8.057284636,0,1
0.964107376,0.967061433,0.958333541,5.152690151,5.809695268,4.392609083,1.349846237,1.357188798,1.335669645,7.8052447,9.180611286,6.302102718,0,1
1.906487549,1.923211814,1.875354589,7.527523572,8.937200483,6.030926699,1.47905165,1.489503049,1.459085573,6.588887067,7.616129648,5.45780179,0,1
1.253922293,1.260613293,1.24110033,7.651969789,9.000784736,6.169896579,2.552602672,2.615543033,2.449019627,6.436912528,7.286924107,5.477260769,0,1
1.756887923,1.769251075,1.733441218,5.88294077,6.891480909,4.797719785,1.59417464,1.610124476,1.564492898,4.226896563,4.603470906,3.760266716,0,1
2.514475949,2.557967004,2.437218866,8.02387966,9.437711797,6.450851878,1.942150186,1.973964625,1.883384346,7.500232629,8.790190454,6.091678271,0,1
1.978908442,2.015531878,1.913941596,7.518399274,8.789889936,6.107174867,2.599950084,2.674391025,2.47881004,5.645576448,6.410549905,4.796721773,0,1
1.469486674,1.479264858,1.450817176,6.960923615,8.121173301,5.676054431,1.949317263,1.975220304,1.902804498,7.718925307,8.996751502,6.2824677,0,1
2.26404432,2.303802013,2.195603752,5.653143733,6.475311046,4.725182718,1.556156249,1.572005725,1.52685527,6.281012103,7.257431993,5.204964822,0,1
1.514060322,1.526138755,1.490713703,6.600376423,7.734977842,5.356928095,1.0868717,1.091532569,1.077930461,8.17994428,9.543777551,6.594308036,0,1
1.75069335,1.771492542,1.712697373,6.216682589,7.029294,5.278470475,1.789524691,1.805398629,1.75973659,7.429956998,8.561655123,6.126172524,0,1
1.856791556,1.878437513,1.817613313,6.994844309,8.107221689,5.769925711,2.033237988,2.065985768,1.974823943,7.02211553,8.178241042,5.764353187,0,1
2.433476206,2.503735544,2.318090707,6.767542711,7.644556719,5.775482419,2.293265959,2.341904491,2.210416584,6.454038865,7.327980248,5.472687537,0,1
2.246438424,2.303556129,2.152292231,5.902357749,6.613381975,5.094175182,2.557662632,2.617776653,2.456339116,6.654340882,7.717544115,5.483147303,0,1
2.487465499,2.549135231,2.386019018,6.673066063,7.601267798,5.625816145,2.137519128,2.170695186,2.078572987,5.675889355,6.314152445,4.956540817,0,1
1.901704679,1.925752095,1.858284579,6.121825097,6.943206637,5.203074196,1.720355837,1.742659078,1.680014842,7.270905313,8.380858321,6.016570113,0,1
2.266961421,2.320018587,2.176381936,5.540572933,6.267209475,4.728259188,1.870807275,1.89549799,1.826172448,5.236158497,5.848785708,4.545486244,0,1
1.26039653,1.269956533,1.242305185,7.490359333,8.73597374,6.085658731,1.427529172,1.437367751,1.408785575,6.790730767,7.812952707,5.639206389,0,1
2.157551273,2.19973095,2.085116633,7.379908471,8.640090957,5.979927361,2.255931385,2.299404544,2.180742025,7.254813484,8.367515021,5.989778206,0,1
2.01612924,2.045625038,1.962990957,7.835521416,9.084253085,6.439250459,1.427518234,1.437213935,1.408989569,6.181362194,7.277192287,5.023783021,0,1
2.002931563,2.036349844,1.944094938,7.901372348,9.303155692,6.345796418,1.901111078,1.932487997,1.845741924,5.616120347,6.25917813,4.892298265,0,1
2.163059849,2.19821285,2.101924959,6.190618751,7.103701162,5.185407787,1.314758384,1.323620648,1.297901781,6.736080195,7.70458951,5.584865501,0,1
1.895254548,1.917679183,1.85413498,7.537871199,8.755297353,6.166572611,2.036747141,2.064105107,1.986817034,6.76088532,7.923027893,5.47852568,0,1
1.491539362,1.513675071,1.451782466,5.95568634,6.773942826,5.037774045,2.163494347,2.206633105,2.08961394,5.537560435,6.196412354,4.794262012,0,1
2.165723775,2.202129243,2.101278756,7.900547084,9.29405097,6.361630623,1.925829188,1.954365944,1.874414562,5.996584799,6.957774815,4.931176891,0,1
1.51824668,1.532483265,1.491612369,6.147999317,7.179459734,5.037799657,2.73896039,2.794864881,2.644172476,7.163513999,8.317563113,5.864054652,0,1
1.019419497,1.023452261,1.011547549,5.795953084,6.658822062,4.835782774,2.120304695,2.151514594,2.064461791,6.634508392,7.641329718,5.503974391,0,1
3.000447873,3.026663251,2.951710874,10.15523239,11.95920703,8.172694416,2.250725804,2.29725206,2.169678834,6.082383541,6.820956828,5.239019141,0,1
2.114710501,2.145131219,2.060356539,8.198739241,9.624402067,6.610364147,2.079164005,2.104388999,2.03290921,7.013056616,8.114303945,5.790188286,0,1
2.381072518,2.427344244,2.301315121,7.503757943,8.804840648,6.069111528,2.14220293,2.182760619,2.072047938,8.196451986,9.526072517,6.70451309,0,1
1.801482991,1.81705011,1.772180962,6.947655988,7.986501118,5.79144631,2.284574091,2.326149807,2.21193582,6.089708928,7.007470195,5.081125308,0,1
2.25244214,2.28916988,2.187643199,7.521951425,8.727386085,6.18455816,2.365517712,2.413989703,2.281831408,6.754804923,7.704483668,5.674414553,0,1
2.524955506,2.575005122,2.439292772,7.602430922,8.773703235,6.292890825,2.113700037,2.145904009,2.056684277,6.544197909,7.591099887,5.402992527,0,1
1.792777326,1.809265971,1.762959246,6.721671269,7.684642873,5.641351062,1.406631508,1.415170867,1.390017975,5.303646736,5.904501381,4.631287565,0,1
1.893193586,1.914746874,1.853505704,7.974704103,9.409479754,6.394093448,2.141085932,2.183044634,2.068908467,6.802169616,7.830954545,5.655012817,0,1
1.417829071,1.428037297,1.398450063,6.831756429,7.866890034,5.664610632,2.422171917,2.481323519,2.32462759,8.096070318,9.538421921,6.500084455,0,1
1.419768091,1.428425907,1.403428597,7.122973514,8.352088618,5.784750914,1.788951442,1.809461885,1.751725865,8.063080887,9.450170448,6.551089219,0,1
1.847291862,1.874288194,1.799040808,7.764232416,9.050671434,6.341344006,1.794396427,1.820920405,1.747308332,5.894922342,6.760570224,4.916277743,0,1
1.326677328,1.335266441,1.310231114,7.620813532,8.943623618,6.206087132,1.702939945,1.719805641,1.670979835,6.672830839,7.730626631,5.486477244,0,1
1.905463705,1.929405146,1.861931547,6.151206187,7.070193011,5.125339404,2.504020245,2.55953542,2.409232903,8.089411529,9.476278754,6.565691402,0,1
2.459249565,2.521264809,2.35567907,8.725187941,10.16998034,7.095487048,2.028062857,2.063219667,1.965988566,6.308915306,7.238216996,5.27641524,0,1
1.119833322,1.125056235,1.109717951,5.827267618,6.671421298,4.873777681,2.188699709,2.206901805,2.155176571,9.143806275,11.00323865,7.10138163,0,1
1.589948188,1.607202474,1.557949691,6.86813416,7.882757449,5.710956162,2.052965926,2.081774634,2.001598864,7.152968172,8.358277901,5.814659699,0,1
2.71379585,2.781377492,2.604892974,6.325251485,7.269696288,5.244811876,2.218740736,2.253426154,2.159855267,7.086294003,8.328577435,5.735610787,0,1
1.200450792,1.206555863,1.188668275,6.476914577,7.481878039,5.354242698,1.336512144,1.344666739,1.32078433,8.341487892,9.736896308,6.785354338,0,1
2.122755149,2.174178616,2.035323358,7.704291757,9.01064165,6.251600128,1.348970129,1.359302238,1.329381985,7.133965316,8.30690004,5.790358891,0,1
1.491534132,1.505955773,1.464733094,5.950218996,6.873691989,4.925027662,2.700289349,2.788147552,2.567953361,7.655479162,9.021256921,6.134660984,0,1
2.141128487,2.165449638,2.09611043,7.753777824,9.107700325,6.284084878,2.496602755,2.563000212,2.386337833,6.149355955,7.079253616,5.123567468,0,1
1.266073609,1.273500291,1.251925743,5.399617372,6.158512508,4.558379789,1.778728226,1.795873052,1.747043877,7.459221514,8.801373702,5.992840518,0,1
2.273166269,2.305638608,2.215775684,7.790043678,9.162249068,6.276991548,1.997791472,2.027149699,1.945772989,6.670600657,7.782587574,5.466441792,0,1
2.114923556,2.147865153,2.056937697,6.544075515,7.56012405,5.42780854,1.404154485,1.413758935,1.385865274,8.552393452,10.01434282,6.861900268,0,1
1.567055392,1.579254135,1.54396411,7.545566336,8.811497819,6.12769226,1.462440925,1.47295638,1.442411409,7.631482445,8.95871442,6.161728356,0,1
1.84753477,1.871509169,1.803897628,8.710684308,10.32387844,6.969881873,1.929059631,1.955606664,1.881452677,7.117368296,8.247502665,5.859014794,0,1
1.172847198,1.17898303,1.161055701,5.453183296,6.117009114,4.650557094,1.735391242,1.747612368,1.712484012,7.388838648,8.634869715,6.003465405,0,1
2.42821914,2.486552426,2.330726816,7.15740558,8.307045415,5.868902462,1.980428436,2.01654573,1.917733037,6.471914906,7.317002347,5.499455011,0,1
1.764846992,1.782323274,1.733066425,7.36164653,8.569289097,6.027753599,1.942629215,1.964876158,1.901405296,7.230939049,8.340405826,5.980522764,0,1
1.242955118,1.250515074,1.228640245,6.775065243,7.960605375,5.476779541,1.18876437,1.193593085,1.179432505,7.156324916,8.280161537,5.895586057,0,1
0.019419906,0.019419928,0.019419861,0.096518254,0.096521596,0.096511581,0.020170133,0.020170161,0.020170079,0.102555095,0.102559467,0.102546357,0,1
1.89322959,1.919414153,1.845505815,8.335646861,9.759748961,6.732276411,2.287472058,2.32827563,2.21548033,9.400291269,11.11867681,7.472137248,0,1
2.189377094,2.224794098,2.126414945,7.944980477,9.363742679,6.401790044,1.32019619,1.32810916,1.305069479,6.716554369,7.886569561,5.438902125,0,1
2.415618291,2.478241496,2.311291962,6.523079567,7.408416267,5.510080825,2.397632068,2.447501591,2.312260854,6.156500502,7.135824078,5.082138168,0,1
1.917718653,1.937523804,1.880966174,8.028028342,9.413997337,6.480441048,2.402371796,2.45881103,2.306956761,8.390969194,9.832852821,6.773747547,0,1
1.687168742,1.701754012,1.659684526,7.554589462,8.783420297,6.17081589,1.202951461,1.208212935,1.192761146,6.807487674,7.973771762,5.500158466,0,1
1.365473461,1.373347321,1.350273514,8.567433536,9.958121538,6.977229038,1.055246969,1.058515859,1.04890915,6.009520237,6.858745991,5.031569832,0,1
2.906267994,3.033020062,2.717899364,7.966468949,9.352622111,6.432276102,2.514749897,2.592745432,2.396354488,9.340622761,10.95677785,7.523271963,0,1
2.360132805,2.406925776,2.279417067,6.431031013,7.358753954,5.388965622,2.158193943,2.188342291,2.104072186,6.758375179,7.787229601,5.61425664,0,1
2.507898533,2.558020744,2.423004937,7.210914819,8.462608159,5.844380709,1.871267998,1.909411147,1.805016081,6.085610173,7.071765573,5.01386671,0,1
1.23815939,1.244717391,1.22559338,7.05936643,8.279395544,5.739583538,2.566069666,2.612957616,2.484789411,6.928449152,7.965432363,5.77000524,0,1
2.585395636,2.694001926,2.420597292,7.910368236,8.988802094,6.61695108,2.06484159,2.100448849,2.002248955,8.51531804,9.914380198,6.952280289,0,1
2.561203638,2.601529471,2.489283194,7.755809207,9.114984224,6.255751474,2.168344204,2.205116711,2.10427813,8.012493011,9.365496741,6.495748799,0,1
1.877197462,1.897088707,1.840692747,6.656368996,7.824512703,5.40317464,2.385000338,2.426043189,2.313509317,7.123680786,8.212638662,5.907207507,0,1
1.874259767,1.894573981,1.83734572,6.334215763,7.29997126,5.233376554,1.418866204,1.430232964,1.397325718,6.402077315,7.520696222,5.197535033,0,1
1.140405967,1.146847206,1.128103868,7.604327328,8.92730398,6.136315021,1.311692952,1.321061945,1.294092944,6.412687846,7.282767102,5.429193924,0,1
2.238481957,2.270895824,2.181187237,7.221811359,8.382854328,5.92755424,2.189728796,2.232160959,2.116488564,6.638081541,7.55958817,5.599404509,0,1
1.397908194,1.408171572,1.378479798,6.829204029,7.827700632,5.700742152,1.831458423,1.860753085,1.778376607,6.483368332,7.575273799,5.286355254,0,1
1.491715717,1.506267444,1.464352476,5.359556946,6.219824272,4.432036748,2.290935846,2.334760744,2.215118025,6.351409772,7.155507955,5.41779105,0,1
5.215878968,5.238168408,5.174503345,41.75645724,44.08450035,33.12398652,1.146873815,1.152975061,1.135124537,6.406224913,7.329879725,5.377086422,0,1
1.136677583,1.141317005,1.127659451,6.00713071,6.898142749,5.00028827,1.564149353,1.577951603,1.538681914,6.557365351,7.49086947,5.489318407,0,1
1.886192025,1.904881718,1.851700484,8.092801717,9.405931994,6.626836543,1.798106528,1.825869204,1.748538344,7.165016724,8.345044106,5.856135121,0,1
1.574697848,1.588370752,1.549244293,7.287405045,8.354008505,6.101424513,2.114828638,2.154967279,2.044425412,8.585345454,10.07147628,6.955111467,0,1
2.637624261,2.70989029,2.519370799,6.33698329,7.247653197,5.319603987,2.822250682,2.912091226,2.675599254,5.852568865,6.652875471,4.956560228,0,1
2.259818915,2.296706104,2.192910986,6.306059682,7.164132978,5.339111225,2.005781795,2.035320991,1.953287122,6.92419393,8.095400108,5.642044519,0,1
1.757844859,1.772621438,1.730215876,7.193939915,8.383016268,5.879807058,1.545131468,1.560424483,1.516472755,5.850768994,6.827177238,4.785229751,0,1
2.179466033,2.206110609,2.13215588,8.925025181,10.60930985,7.047020124,2.253311212,2.286662598,2.193667206,7.709565997,8.986689136,6.276761344,0,1
2.710877331,2.802706427,2.567252078,7.174602007,8.410443515,5.810879402,2.259188337,2.303066754,2.182487102,8.856202227,10.41840609,7.094465667,0,1
2.005461894,2.032761501,1.957153753,8.336788753,9.767982736,6.744197349,2.472965869,2.539941188,2.365517589,7.412002821,8.600084529,6.087102266,0,1
1.396876127,1.405953933,1.379454432,6.326207072,7.158317633,5.374541388,2.070837856,2.111930573,2.00000006,7.294129385,8.558766578,5.930456466,0,1
1.823140727,1.846112189,1.781483116,7.105350416,8.159709794,5.911714342,3.291282647,3.437948902,3.07488115,6.311376234,7.160675389,5.362192093,0,1
1.034217734,1.039040468,1.024887872,5.186636335,6.071496283,4.231483082,1.607419218,1.620844221,1.582312805,7.062600062,8.160230216,5.870420565,0,1
1.283221823,1.292384498,1.26582006,9.004671828,10.66012488,7.222402455,1.517948638,1.529180729,1.496835676,7.481890197,8.737009997,6.084693484,0,1
1.791517109,1.808930578,1.759683542,7.147424131,8.319561676,5.855320369,1.124604945,1.130772968,1.112796939,4.69021957,5.213068991,4.076112607,0,1
1.390862297,1.400150023,1.373174266,8.089790251,9.533356879,6.478496881,1.578404486,1.594453533,1.549341968,6.706124138,7.764644229,5.555196837,0,1
2.783853839,2.873377017,2.642332436,6.037397897,6.7647733,5.221223572,2.034517552,2.057117138,1.993613776,8.636115155,10.06619966,7.021836139,0,1
1.29998488,1.307887781,1.284818407,7.442846555,8.659404251,6.098656692,1.708456366,1.725436338,1.676522007,6.491443139,7.456027697,5.401977394,0,1
2.131020888,2.162610166,2.074371832,7.075004717,8.302214181,5.732547718,1.80748384,1.822688491,1.778879886,7.086218982,8.296801599,5.761427139,0,1
2.099605694,2.130851608,2.044101354,6.363120498,7.349936143,5.271945064,1.674237195,1.694714031,1.636309136,6.560107912,7.567664463,5.432925787,0,1
1.985646365,2.013013988,1.936829207,5.923629526,6.675283058,5.078730715,1.310131504,1.315722675,1.299341901,6.518045678,7.614494841,5.326184678,0,1
1.032202184,1.036433627,1.023854348,6.714612625,7.891647371,5.43178529,1.085472467,1.089437564,1.077650222,6.209158573,7.213133831,5.088627205,0,1
2.248015237,2.290262856,2.174487718,9.390409142,11.09376128,7.482769857,2.777991282,2.874087356,2.625739042,6.551645671,7.436891607,5.553005124,0,1
2.518265994,2.580168916,2.414044556,9.704341047,11.4636395,7.725413826,2.190844261,2.229616323,2.124127464,7.062212408,8.190822422,5.810805537,0,1
2.038051832,2.070010326,1.981130396,7.684972731,9.030761216,6.20988509,2.793132888,2.867594612,2.672210755,7.209272392,8.352809689,5.941470408,0,1
3.071957831,3.393123032,2.700296711,8.779995956,10.33900857,7.042198511,1.481776864,1.497630057,1.45242343,7.905029117,9.267673326,6.393088121,0,1
1.337721816,1.348579235,1.317527618,7.535940719,8.766898499,6.156901253,2.43901471,2.505932711,2.328577673,6.438781815,7.376369994,5.371383135,0,1
1.747439374,1.766902826,1.711685493,7.522535776,8.793645444,6.089185956,3.288137612,3.45721311,3.045921388,7.73328948,8.899546255,6.430070309,0,1
1.677765149,1.716637895,1.611669,7.939600428,9.212308028,6.445609087,1.266447175,1.275818327,1.248410997,6.465898623,7.474056938,5.339594396,0,1
2.128142947,2.155743567,2.078691968,6.218588183,7.254462451,5.088936502,1.12911517,1.134771704,1.11822374,7.407492695,8.547296434,6.110913912,0,1
1.378997035,1.386135741,1.365160072,5.707531795,6.53477517,4.789387234,2.025050342,2.055768538,1.969752884,6.370069373,7.16333473,5.436587956,0,1
1.329923667,1.342360851,1.306513422,5.638961322,6.366718462,4.783538417,2.271041887,2.308063466,2.20559823,6.528390966,7.591339824,5.361766334,0,1
1.946677057,1.998446902,1.859140456,6.132636055,6.842520741,5.291004119,2.564484292,2.619949139,2.470345378,6.406779023,7.452562768,5.253734148,0,1
2.140677796,2.183792862,2.065258813,5.89940614,6.715764883,4.976638016,1.729916373,1.749188587,1.694344132,6.589638383,7.640577266,5.446627268,0,1
2.028093124,2.057844148,1.974777738,5.420581842,6.171243125,4.590824379,2.061935002,2.092248267,2.008293555,7.307885747,8.504332071,5.963913664,0,1
2.119695764,2.15879754,2.052173608,5.380145622,6.010977109,4.674068343,2.04350025,2.073571903,1.989323694,5.510553489,6.137097719,4.805429385,0,1
2.717308254,2.765437594,2.633178101,8.877394639,10.53080215,7.007199071,2.683442595,2.767921241,2.547733693,7.52088425,8.876068833,6.039208248,0,1
1.310678794,1.318237124,1.296335821,6.375026438,7.315626926,5.334743163,1.687973289,1.705889031,1.655092279,6.374189679,7.290409306,5.359045713,0,1
1.421168236,1.430557048,1.403327803,6.355550844,7.083028574,5.51319048,0.787540923,0.78945709,0.78378754,5.779849069,6.695726742,4.786810549,0,1
2.623623759,2.668255008,2.549783764,7.081953284,8.011448405,5.989615168,2.050160353,2.073554323,2.006992221,8.662271326,10.17183329,6.966067466,0,1
1.937790811,1.969113447,1.881748466,5.033659084,5.654381651,4.346041806,1.9989278,2.024372097,1.953228336,8.502129615,9.935236415,6.918058179,0,1
2.263447235,2.312107412,2.180164593,7.419863749,8.604949705,6.084251413,2.157574091,2.206231216,2.072440957,7.607608684,8.918465998,6.187207938,0,1
2.537747556,2.575960018,2.469297274,6.806041629,7.787191926,5.669051971,1.705961603,1.727876656,1.666263568,7.838299254,9.182043872,6.339260747,0,1
2.656269407,2.714839764,2.55870518,7.89307863,9.205983665,6.453217319,1.882812755,1.90456415,1.843128499,8.393498722,9.849301353,6.742739972,0,1
2.448412132,2.500915088,2.358128204,8.482071773,9.924192686,6.890650058,1.934827245,1.960801536,1.888267322,8.277160939,9.709071691,6.695139499,0,1
1.320688934,1.333469668,1.296776713,4.730651206,5.181168238,4.169541492,2.685736394,2.756193649,2.571618281,7.5243252,8.80869054,6.09270648,0,1
1.393132578,1.402189511,1.376053201,5.976003675,6.776378915,5.062311166,2.104354157,2.136968732,2.044267087,6.697682206,7.769128761,5.513886306,0,1
2.505933759,2.572984613,2.397884719,7.122706842,8.286385614,5.834487151,2.424022738,2.475794676,2.336230483,8.333266709,9.75997008,6.759241765,0,1
1.569761794,1.581923606,1.546987752,7.361582319,8.629138313,5.949923053,1.839794565,1.863337651,1.796701434,6.342667485,7.248321549,5.336809346,0,1
1.447039186,1.457240743,1.427715519,7.265990248,8.445205977,5.956445206,1.729684366,1.74782488,1.695798978,6.181325921,6.977199882,5.273978797,0,1
2.555655081,2.637467939,2.423760953,5.913430222,6.736782885,4.980974761,2.662964512,2.747618782,2.528695786,6.589964267,7.518996303,5.542766832,0,1
2.240128232,2.272364509,2.183499821,8.291358564,9.769798657,6.683461372,1.621639408,1.643235414,1.582625136,6.416576203,7.452689155,5.285819796,0,1
1.798106688,1.825603334,1.748907578,6.987816617,8.220185721,5.634506341,3.376920087,3.48419938,3.202612713,6.612431277,7.645392435,5.482487561,0,1
2.257278893,2.289373713,2.199290458,8.570331377,10.0143296,6.945875964,1.948947578,1.967585335,1.91402101,8.037651072,9.482447231,6.420057574,0,1
2.776262271,2.882427334,2.615063994,7.09869231,8.237016497,5.830707299,2.248993262,2.303707751,2.157613224,6.976810864,8.098125844,5.721468221,0,1
1.740323827,1.757762208,1.708125463,6.023923923,6.875056207,5.085466428,1.60687311,1.62015576,1.581604849,6.411796419,7.377351309,5.338479869,0,1
1.260875008,1.27064434,1.242665504,5.720265106,6.52874161,4.827753293,1.424093172,1.432364011,1.408564187,8.259707615,9.746076991,6.639582195,0,1
1.244583795,1.251021111,1.232188368,5.126225296,5.870372497,4.307477673,2.48864463,2.533618419,2.40826835,7.092327347,8.285815717,5.778080385,0,1
1.959760358,1.983683928,1.916206853,6.245640067,7.184852923,5.197851675,1.18147778,1.18794075,1.168959099,5.681730356,6.712729928,4.627229199,0,1
1.919160021,1.935734234,1.888040799,5.804990502,6.490401221,5.026443355,1.996682044,2.024435243,1.946410587,5.829173898,6.544013983,5.021286901,0,1
2.341835867,2.37791115,2.277815212,9.299040076,10.97481569,7.424781436,2.202493444,2.242301366,2.134285225,8.309220335,9.774184451,6.673211375,0,1
2.059112185,2.085795937,2.010240803,6.346157621,7.326366907,5.254408973,1.942218879,1.970587175,1.891091449,8.173889824,9.62686994,6.560486489,0,1
2.606965541,2.675579268,2.492194314,6.932711223,7.936516653,5.809406009,2.453013505,2.506678618,2.360607569,7.245086737,8.32849121,6.024590483,0,1
2.25517159,2.294920917,2.186984402,6.965501666,8.158855071,5.658023601,1.363333728,1.372304013,1.34611386,7.405541167,8.66249637,6.01077942,0,1
1.441192007,1.448874577,1.426337891,7.912898561,9.300476632,6.386549703,1.594237879,1.609038009,1.566798322,6.701601853,7.812198738,5.475892119,0,1
1.944560716,1.961968941,1.912577815,6.496722095,7.424647389,5.428740645,1.426293432,1.435408807,1.409112245,5.948286698,6.681905057,5.11076596,0,1
1.640613671,1.653406114,1.616658922,7.574616151,8.8655033,6.146449919,1.986126626,2.009820105,1.942619217,7.048391868,8.208887624,5.769919191,0,1
2.236917803,2.271249404,2.177153611,6.938584618,8.049287274,5.724408,2.568324334,2.623188643,2.474636117,7.664261305,8.84837829,6.334825289,0,1
1.795491532,1.818011337,1.75395637,7.218058508,8.573643996,5.736116349,1.893931556,1.934691241,1.823962653,8.684118646,10.12322774,7.069409886,0,1
1.598933341,1.614467687,1.570163537,5.861777512,6.662760282,4.965140383,2.568029295,2.629979866,2.464902571,8.485324649,9.908831619,6.901094903,0,1
1.507365867,1.516458917,1.490164072,6.813600875,7.996226408,5.54784996,2.294368538,2.347331854,2.205278169,6.502000312,7.46366714,5.419242074,0,1
2.050751808,2.08579808,1.989058947,6.508858289,7.45459149,5.448290622,2.203401415,2.252517772,2.120802599,7.951838744,9.308569828,6.436376773,0,1
1.326199506,1.332810639,1.313507362,6.079283976,7.169962884,4.916710745,1.721927687,1.740573024,1.687865628,6.836120035,7.911226875,5.64921064,0,1
1.518621882,1.53160364,1.494345756,7.800417387,9.125452876,6.329381989,1.928037752,1.955089524,1.879224874,8.146297438,9.563612536,6.568695864,0,1
1.158083877,1.164123335,1.146272223,6.417526715,7.378400741,5.339865331,1.822788593,1.840204655,1.78998848,7.533263954,8.816608798,6.114213716,0,1
1.72836044,1.743972492,1.699443116,6.410557785,7.462901008,5.228367059,1.245594851,1.25184654,1.233577326,5.401684655,6.112901097,4.604094935,0,1
1.780653418,1.800430374,1.744293267,8.314592735,9.797965804,6.665511892,2.313460824,2.337164489,2.270515254,7.493472582,8.773669542,6.067823918,1,0
2.915957985,3.064506116,2.701314005,8.384789944,9.823818996,6.763912412,6.483625439,7.034362845,5.762385245,10.97133583,12.95407323,8.707650422,1,0
3.476001707,3.680914603,3.194847257,8.616724302,10.11059159,6.944537807,13.75860204,21.70841865,6.612736883,14.29967036,23.96092503,6.674090072,1,0
2.925548116,3.029006885,2.764861583,7.737855571,9.060382288,6.255029922,7.523073185,8.344363859,6.519929325,10.44179187,12.28238157,8.363279068,1,0
2.000935095,2.023191365,1.9593314,7.950867404,9.20325491,6.539783175,3.83851892,3.954044437,3.65594163,11.11858601,13.07237307,8.869111546,1,0
3.822138508,3.991487874,3.5761997,7.187785326,8.309914238,5.93806686,4.712703372,4.864440306,4.477041954,9.015575039,10.56306454,7.270811608,1,0
1.361716874,1.369833088,1.346137574,6.029296063,6.973671414,4.993492047,1.548931548,1.559835138,1.528369348,8.042884754,9.43462363,6.503653664,0,1
2.909235763,2.984677359,2.783802008,7.481998025,8.518175476,6.261050569,1.631202939,1.646704623,1.602579861,6.525743505,7.673365007,5.293994975,0,1
2.301265421,2.334264775,2.243222177,6.848521237,8.00976974,5.574891233,1.196634362,1.203530569,1.183535387,6.343777582,7.33706011,5.255155424,0,1
1.518343742,1.530485842,1.495508346,7.907301356,9.291320002,6.361421338,1.697955574,1.7195188,1.658620569,7.299451662,8.582763822,5.907011544,0,1
2.087069738,2.121614499,2.025465598,8.164843723,9.566811649,6.617737943,2.264252401,2.304710461,2.195272405,7.07794159,8.211868377,5.82236302,0,1
2.70824877,2.824275212,2.534346782,6.553290583,7.56280372,5.410982928,2.281389073,2.328590685,2.199673605,7.34807415,8.413754503,6.144884172,0,1
1.578613655,1.591502853,1.554560545,7.479479558,8.701972876,6.093903636,1.811776062,1.832520489,1.773330506,5.998730263,6.81795272,5.086764613,0,1
1.624003908,1.642760346,1.589436912,7.855863512,9.233300092,6.369912145,1.421219187,1.431817452,1.400870571,5.84274487,6.804047937,4.79280101,0,1
1.998355677,2.036730034,1.930888586,6.696080046,7.67996084,5.599841049,2.132397698,2.166693851,2.071374293,7.213907316,8.41082273,5.883642389,0,1
2.17197245,2.207006197,2.112232231,7.268217024,8.499862102,5.913277807,1.689213125,1.709745076,1.652190373,5.854319974,6.638124681,4.9536134,0,1
2.031314172,2.064614923,1.974033221,6.065372367,6.932128071,5.108155877,1.23830567,1.246968606,1.221879901,5.774053876,6.732766351,4.739337577,0,1
1.728099485,1.744455658,1.697881975,6.290043,7.267309975,5.150559312,2.571334457,2.63605503,2.464910971,6.995972991,8.021413036,5.853681153,0,1
1.939089268,1.968018056,1.88774799,5.944714495,6.724542536,5.071945701,1.28770278,1.294217384,1.275057108,8.563099323,10.13162564,6.800555664,0,1
2.038106431,2.074529742,1.976385676,7.258700453,8.525277583,5.849006142,1.661829931,1.686832857,1.617108102,7.085007675,8.366839967,5.678527007,0,1
2.154032693,2.186236817,2.097538008,7.285830351,8.544470348,5.907501923,1.336180627,1.345805473,1.318042283,6.225881723,7.129246244,5.220503545,0,1
2.350472844,2.394207513,2.275309359,6.238248211,7.042746448,5.323612479,1.825952603,1.851307019,1.78143255,6.382526814,7.391666311,5.27723515,0,1
2.069571461,2.107492775,2.003579256,8.084791957,9.438589865,6.563623832,1.717788625,1.735613574,1.684855434,6.973003945,8.159944223,5.679732524,0,1
1.971281772,1.994299182,1.929832986,7.666365681,9.008485508,6.185451129,1.99423438,2.020767251,1.946451281,6.217021068,7.056426052,5.260390899,0,1
2.103052419,2.138071195,2.042546209,5.764027466,6.483881912,4.950950738,1.785138533,1.799038544,1.75910475,8.127591841,9.578348533,6.549643744,0,1
1.680592341,1.694174473,1.65495881,7.941944112,9.279791307,6.441552103,1.704439579,1.715763685,1.683024466,7.587053401,8.6957593,6.308452206,0,1
2.509254029,2.553662852,2.432212364,6.319725496,7.158627891,5.364022275,1.930749879,1.95760632,1.881806282,7.422829978,8.50839111,6.182322377,0,1
2.016928956,2.045493363,1.965554343,6.642515665,7.743595909,5.418939467,1.768076821,1.790315326,1.727699359,5.362726177,6.050869414,4.572882366,0,1
2.372016858,2.410786811,2.305354345,6.391885169,7.261300107,5.421759676,2.671727135,2.752117592,2.547658793,6.829912659,7.740538821,5.829917815,0,1
1.067839694,1.073138521,1.057615148,6.072778098,7.071598698,4.969869931,2.314590681,2.376461537,2.215772511,7.122050065,8.181967581,5.929857458,0,1
1.332153062,1.340437834,1.316203925,6.027824916,7.011866564,4.935069182,2.05160236,2.083865884,1.995267928,7.200943735,8.511555412,5.767898454,0,1
1.858459065,1.877970365,1.822725434,7.739248852,9.108600475,6.252380785,1.940934004,1.965998412,1.896087311,5.718466014,6.449414795,4.886584902,0,1
1.956388367,1.972964439,1.925783994,9.289481111,11.05286266,7.371804075,2.415511839,2.483047773,2.305724284,5.906526673,6.683634355,5.04313512,0,1
3.430244975,3.665707931,3.113830201,10.9142533,12.71694344,8.877641115,3.332971711,3.468393676,3.140528679,11.02612415,13.03659243,8.744224959,0,1
2.384517242,2.410454467,2.337181902,8.398008092,9.919451079,6.746085175,1.553760512,1.566557984,1.529658045,6.644672344,7.742175096,5.447804199,0,1
2.560787467,2.639118586,2.435634688,7.052971125,8.260205862,5.717005881,2.630741376,2.675284008,2.555421819,7.264767538,8.344026501,6.069549746,0,1
2.398034358,2.459643775,2.298430375,8.461806897,9.956660979,6.802936095,2.50349357,2.563119404,2.404892306,6.938123952,8.064534785,5.697225727,0,1
2.125302979,2.159210978,2.064050862,6.895463201,7.968549964,5.713507434,1.676201857,1.68954459,1.651199204,6.643655323,7.676974706,5.4939814,0,1
1.340931345,1.348050253,1.327271949,7.638861331,8.921399653,6.199946634,1.433010202,1.44443305,1.411294931,6.358457326,7.285597627,5.324387642,0,1
0.816247903,0.818388359,0.812046503,5.624398073,6.478778222,4.694699824,1.312011228,1.31853946,1.299298553,8.274396117,9.773746454,6.621287282,0,1
1.734087172,1.749747713,1.705003019,7.696703889,8.947710263,6.298242924,2.554971087,2.615872066,2.452065323,6.496781878,7.450506586,5.439021312,0,1
1.532369275,1.541070705,1.515701685,6.171129313,6.976679478,5.231373767,1.675473115,1.694778712,1.640077273,6.897131788,7.979781011,5.671496431,0,1
2.151742483,2.222274669,2.036766791,7.686817782,8.938973976,6.280384999,1.900405197,1.928501574,1.84879496,6.117648219,6.913599763,5.206849417,0,1
2.721452535,2.808889336,2.589870977,5.53209454,6.21794582,4.768475654,2.008058097,2.053807447,1.929610285,9.031664473,10.60051842,7.261048674,0,1
1.376827833,1.38502762,1.361183367,8.065588605,9.516778982,6.480977271,1.957179762,1.981887838,1.912754672,8.075072366,9.465497373,6.527279786,0,1
1.126619012,1.131021173,1.118121203,5.370652256,6.193358829,4.473283411,1.635652952,1.6472961,1.613627136,7.612054362,8.927674509,6.173688455,0,1
1.997138154,2.031523778,1.937043312,6.99113273,7.961638512,5.892655272,1.776803009,1.795956312,1.741322346,6.410711186,7.418142047,5.282672349,0,1
2.648022773,2.730898758,2.515615645,9.494478776,11.13965147,7.639268305,2.052041377,2.084780696,1.993584704,6.128474987,7.112790546,5.060085554,0,1
1.995903531,2.02258807,1.948482364,6.825315854,8.043226894,5.497032599,1.735433469,1.752590417,1.703032883,9.227305352,11.06835414,7.162035395,0,1
1.387470088,1.396555761,1.370208246,6.34608258,7.418089367,5.19745312,1.956654779,1.983661367,1.907366063,7.054679227,8.333893859,5.671133536,0,1
1.872649345,1.891451248,1.83820446,5.368701765,5.984989456,4.668983739,1.928978232,1.954646524,1.882431321,5.597214696,6.244028889,4.861687122,0,1
2.227717537,2.263855906,2.163111591,8.324027196,9.794644516,6.686810926,3.60285042,3.803696364,3.32430306,5.961384688,6.772458166,5.066235054,0,1
2.348890584,2.4242166,2.228039467,8.423860104,9.816863863,6.867138671,1.458386413,1.470076317,1.436414158,7.273173675,8.500396405,5.953094065,0,1
2.211944488,2.25804019,2.132319262,7.153443136,8.46750765,5.722906363,1.520440089,1.532615085,1.497364667,6.859435886,7.869526955,5.689873516,0,1
1.244997917,1.252146182,1.231344509,6.824435382,7.969502008,5.572281867,1.397449375,1.405492508,1.381963833,7.053965046,8.276651691,5.734821859,0,1
2.649253687,2.730031395,2.517793384,7.727536381,8.961339274,6.324355651,2.419541947,2.47952905,2.319349205,6.706369335,7.483010572,5.798310533,0,1
1.830635611,1.846757704,1.800049622,7.057301574,8.200076956,5.772704661,1.90018479,1.923131073,1.858194768,6.68517843,7.753734761,5.511924977,0,1
2.010779383,2.043110992,1.953271159,8.038243963,9.490287034,6.434358677,2.039961624,2.074846023,1.978882531,8.349361795,9.589487317,6.915020534,0,1
2.400392641,2.478755979,2.273502693,7.660088657,8.913054094,6.271974718,2.292039686,2.329383039,2.22742049,7.250017348,8.539880872,5.81207116,0,1
1.644460994,1.664860305,1.606472044,8.073455833,9.449051543,6.542114843,2.816908084,2.88937345,2.698303992,8.143706397,9.530707815,6.593201666,0,1
1.503034478,1.519277378,1.473201887,7.228683286,8.456545257,5.885208935,1.207321814,1.214180805,1.194132677,8.320478752,9.82245296,6.627547299,0,1
2.68000356,2.761137713,2.549177045,5.329622969,6.010267218,4.551276107,2.050817474,2.081456658,1.996818287,6.024255599,6.871096873,5.076730217,0,1
1.656101766,1.668073362,1.633415062,5.941310773,6.705376283,5.072815645,12.81880202,19.91417224,6.471971107,12.41167518,17.31675754,6.508312352,0,1
2.169629196,2.190454232,2.131347528,9.315887134,11.03773189,7.329288354,2.004902143,2.027437952,1.963929598,6.102045034,6.899876244,5.203346087,0,1
1.975817545,1.996106867,1.938579487,7.656451309,8.935969588,6.218517866,2.17594991,2.208393422,2.117951082,7.959819699,9.233942709,6.536216224,0,1
1.800039149,1.820737825,1.761871668,6.888234411,8.016778768,5.624501956,2.434782856,2.494314778,2.334531577,6.893526303,7.741919039,5.872776188,0,1
2.451286195,2.497439457,2.372707494,6.503143871,7.335137251,5.542848109,2.252115063,2.302707333,2.166028538,6.180105736,6.930828186,5.31753367,0,1
1.469131764,1.479367025,1.449622148,7.135131257,8.138848653,5.966593582,1.507703696,1.516139007,1.491542972,8.498273248,10.22393035,6.573314347,0,1
2.01490863,2.046247195,1.959637176,7.000251144,8.18433748,5.693995644,1.668506019,1.683155399,1.641155861,5.36631918,6.091838357,4.54317876,0,1
2.230959576,2.270169561,2.16249787,6.931991631,8.007500751,5.748063181,1.468951084,1.480026071,1.44805268,6.269438824,7.379979062,5.085432654,0,1
1.843041652,1.861158618,1.809190503,7.222370006,8.33462189,5.949255858,2.111185793,2.142536364,2.054855233,6.395319777,7.283635873,5.404025419,0,1
2.347522257,2.490731794,2.141263631,5.571680366,6.395995589,4.654194832,1.733883774,1.760426332,1.686601373,5.712142031,6.432745026,4.896106531,0,1
1.758923515,1.774335459,1.730154945,8.563190485,10.06660095,6.882930557,1.654652946,1.671021626,1.624260326,5.75192978,6.480565456,4.926574121,0,1
1.570327088,1.583464957,1.545778222,6.206578726,7.256123736,5.05964488,2.358268601,2.424556632,2.248408177,6.053305935,6.960974156,5.054884501,0,1
1.972678232,2.002129185,1.920898762,8.379266944,9.859080545,6.728975756,1.844086585,1.868002241,1.801528226,7.179463207,8.227434838,5.994439026,0,1
1.760217972,1.781064816,1.722412118,6.55861978,7.507006296,5.48329073,1.503645427,1.518721376,1.476015957,6.20266743,7.310556831,5.025773082,0,1
2.159352707,2.187295991,2.108945069,6.686069161,7.783563618,5.48008722,1.646946858,1.664087929,1.615173288,7.411488846,8.609302523,6.032185672,0,1
2.407859021,2.454656341,2.327663578,6.964326747,8.05945142,5.737167266,2.623967996,2.681721474,2.524606134,8.271038012,9.701467908,6.68349655,0,1
1.632065584,1.64194076,1.613303127,9.417096466,11.15964414,7.456385381,1.143148235,1.147507931,1.134696712,6.238989995,6.944257218,5.394027625,0,1
2.716058331,2.786587423,2.603055693,4.680209929,5.172017747,4.143746149,1.499566234,1.513919551,1.473072471,5.360523072,5.964477303,4.684154045,0,1
2.847476477,2.92479233,2.722484495,6.285395995,7.154487608,5.308008331,1.365192853,1.375589075,1.345423159,6.204759707,6.996826619,5.309312473,0,1
1.843601001,1.866272831,1.802818663,7.298643628,8.450571268,6.008978036,1.733530841,1.75479471,1.694591209,7.537766325,8.856057638,6.081829588,0,1
1.280639042,1.286567097,1.269299127,6.632673685,7.711645237,5.425139328,1.1892069,1.194846565,1.17824455,8.865991034,10.43039301,7.086812334,0,1
2.294987683,2.343768738,2.212692588,5.482313087,6.261821614,4.601912209,1.563683652,1.575510664,1.541493234,7.390886684,8.648345347,6.017508933,0,1
1.562406766,1.576229638,1.536367479,7.924160997,9.242578987,6.451852121,1.254549982,1.261816492,1.240629918,6.674457022,7.690998415,5.490585758,0,1
1.99855353,2.026193507,1.949386488,6.360089477,7.235462104,5.372354424,1.18391223,1.19050604,1.171258911,7.381022482,8.566709414,6.066435541,0,1
1.275758378,1.284822451,1.258606123,9.91406849,11.75390343,7.868861524,1.642929396,1.656040465,1.618291924,7.730234855,9.017154315,6.29356967,0,1
1.537915552,1.551117531,1.513095722,6.69284109,7.778069003,5.514728842,2.308602252,2.356524223,2.225376013,5.922524216,6.668139352,5.069042753,0,1
2.805292384,2.858432631,2.713153763,6.257549917,7.208301607,5.218698713,1.76838222,1.782098457,1.742881983,7.548688811,8.898295102,6.069859371,0,1
10.49471774,10.60427852,10.26129593,30.38671635,33.61888644,22.06145345,1.524002172,1.535633527,1.501798502,6.587658381,7.524032516,5.521322073,0,1
2.33970499,2.388280632,2.254646631,8.831006026,10.4740586,7.020304123,2.492558628,2.538235229,2.413135854,8.636490307,10.14857235,6.946531884,0,1
1.625808805,1.640305444,1.598971079,7.760438226,8.981020836,6.342530792,1.754611151,1.770426044,1.724811823,5.621053691,6.372310832,4.767266872,0,1
2.559436677,2.620957601,2.459634046,5.644761183,6.26951811,4.943646586,3.27760885,3.330741957,3.186445961,6.590818056,7.588771401,5.464372223,0,1
1.820339987,1.837538134,1.788668629,8.3386816,9.737110774,6.782939682,1.300824201,1.308779508,1.28568252,6.52696446,7.64716075,5.30627233,0,1
2.381330107,2.435302086,2.289689542,6.922544935,8.097147656,5.63533077,1.985944452,2.031646067,1.91328448,5.900799112,6.83019875,4.873910921,0,1
1.956272148,1.980873497,1.911169977,7.947171552,9.336889253,6.395918154,2.409286239,2.455093539,2.329600196,9.977030652,11.7562534,8.007144691,0,1
2.235163576,2.284085251,2.152661128,6.324461375,7.140466659,5.399873232,1.728973788,1.746495494,1.696877772,6.93695989,8.08457858,5.681040471,0,1
3.784565071,4.032823847,3.448735844,7.685302641,8.930431118,6.298802238,2.767920721,2.855905119,2.628120797,7.910251255,9.315182508,6.357579629,0,1
2.201900567,2.230565489,2.149497027,8.002100874,9.429444012,6.432717217,1.478707269,1.492003896,1.453699893,6.61507376,7.720736533,5.400594129,0,1
1.492263034,1.504776913,1.468734243,8.275571123,9.661070433,6.722774605,2.228121021,2.256493018,2.176570243,6.819105763,7.806145485,5.69509819,0,1
1.997808423,2.024293425,1.950095103,7.941002227,9.351344348,6.37975264,2.306977983,2.348511296,2.234694635,8.171645815,9.559870449,6.632630676,0,1
1.792851845,1.808085772,1.764465125,7.730792457,8.933035102,6.384245818,1.802543711,1.81544846,1.778180434,8.493144394,9.890141796,6.910179968,0,1
1.689339613,1.711303111,1.648682236,5.928244064,6.901131114,4.862306954,1.191111032,1.198199697,1.177530907,5.472644808,6.122150683,4.700702096,0,1
1.187156121,1.193124358,1.175692538,7.059673307,8.131936493,5.859902819,1.771374914,1.788226304,1.740061702,6.575074093,7.560473145,5.480072452,0,1
1.844094119,1.868114965,1.800836059,7.562089813,8.858846478,6.112989397,1.862941592,1.88527351,1.822252583,7.014539073,8.231904685,5.677166922,0,1
2.17259518,2.209246888,2.108044493,7.611749457,8.837612775,6.256129033,2.975608535,3.077634648,2.814279032,6.716491369,7.751680826,5.573112756,0,1
